{
    "materials":[
        {
            "name": "ivory",
            "Ka": [0,0,0],
            "Kd": [0.24,0.24,0.18],
            "Ks": [0.3,0.3,0.3],
            "Krg": [0.1,0.1,0.1],
            "Ktg": [0,0,0],
            "ri": 1.0,
            "sc": 50.0
        },
        {
            "name": "glass",
            "Ka": [0,0,0],
            "Kd": [0,0,0],
            "Ks": [0.5,0.5,0.5],
            "Krg": [0.1,0.1,0.1],
            "Ktg": [0.8,0.8,0.8],
            "ri": 1.5,
            "sc": 125.0
        },
        {
            "name": "red_rubber",
            "Ka": [0,0,0],
            "Kd": [0.27,0.09,0.09],
            "Ks": [0.1,0.1,0.1],
            "Krg": [0,0,0],
            "Ktg": [0,0,0],
            "ri": 1.0,
            "sc": 10.0
        },
        {
            "name": "blue_rubber",
            "Ka": [0,0,0],
            "Kd": [0.09,0.09,0.27],
            "Ks": [0.1,0.1,0.1],
            "Krg": [0,0,0],
            "Ktg": [0,0,0],
            "ri": 1.0,
            "sc": 10.0
        },
        {
            "name": "mirror",
            "Ka": [0,0,0],
            "Kd": [0,0,0],
            "Ks": [10,10,10],
            "Krg": [0.8,0.8,0.8],
            "Ktg": [0,0,0],
            "ri": 1.0,
            "sc": 1425.0
        }
    ],
    "models":[
        {
            "type": "sphere",
            "material": "ivory",
            "center": [-3,0,-16],
            "radius": 2.0
        },
        {
            "type": "sphere",
            "material": "glass",
            "center": [-1,-1.5,-12],
            "radius": 2.0
        },
        {
            "type": "sphere",
            "material": "red_rubber",
            "center": [1.5,-0.5,-18],
            "radius": 3.0
        },
        {
            "type": "sphere",
            "material": "mirror",
            "center": [7,5,-18],
            "radius": 4.0
        },
        {
            "type": "plane",
            "material": "blue_rubber",
            "ray_src": [0,-4,0],
            "ray_normal": [0,1,0]
        },
        {
            "type": "quadric",
            "material": "ivory",
            "qp": [1,0,0,-3,-0.0625,0,0.25,1,8,72]
        },
        {
            "type": "triangle",
            "material": "mirror",
            "p1": [2,1,-10],
            "p2": [-1,1,-11],
            "p3": [0,4,-12]
        },
        {
            "type": "collection",
            "material": "red_rubber",
            "elements":[
                {
                    "type": "triangle",
                    "material": "blue_rubber",
                    "p1": [2,0,-6],
                    "p2": [2,2,-5],
                    "p3": [0,2,-5]
                },
                {
                    "type": "triangle",
                    "material": "red_rubber",
                    "p1": [2,0,-6],
                    "p2": [0,0,-6],
                    "p3": [0,2,-5]
                }
            ]
        },
        {
            "type": "box",
            "material" : "glass",
            "center": [-1,-1,-6],
            "x_axis": [-1,-1,1],
            "y_axis": [1,0,0],
            "length": 3.0,
            "breadth": 3.0,
            "height": 3.0
        },
        {
            "type": "polygon",
            "material": "red_rubber",
            "points":[
                [2,0,-3],
                [0,1,-3],
                [-2,0,-3],
                [-1,-1,-3],
                [1,-1,-3]
            ]
        }
    ],
    "lights":[
        {
            "loc": [-20,20,20],
            "intensity": [1.5,1.5,1.5]
        },
        {
            "loc": [30,50,-25],
            "intensity": [1.8,1.8,1.8]
        },
        {
            "loc": [30,20,30],
            "intensity": [1.7,1.7,1.7]
        }
    ],
    "camera": {
        "ar": 1.0,
        "fov": 90.0,
        "trans":[1,0,0,0, 0,1,0,0, 0,0,1,0, 0,0,0,1]
    }
}